{
    "person": {
        "focal_length": 563.8235294117648,
        "correction_factor": 0.867420814479638
    }
}